Delivery time,Orario di consegna
Sun,Dom
Mon,Lun
Tue,Mar
Wed,Mer
Thu,Gio
Thus,Gio
Fri,Ven
Sat,Sab
Su,Do
Mo,Lu
Tu,Ma
We,Me
Th,Gi
Fri,Ve
Sa,Sa
Close,Chiudi
Jan,Gen
Feb,Feb
Mar,Mar
Apr,Apr
May,Mag
Jun,Giu
Jul,Lug
Aug,Ago
Sep,Set
Oct,Ott
Nov,Nov
Dec,Dic
Time,Consegna
Hour,Ore
Minute,Minuti
Second,Conferma
January,gennaio
February,febbraio
March,marzo
April,aprile
May,maggio
June,giugno
July,luglio
August,agosto
September,settembre
October,ottobre
November,novembre
December,dicembre
Date must be greater than or equal to today.,La data deve essere successiva o uguale a oggi.
